,Genre,Map Name,Description,Age Rating,Tags
0,PvP,BOX PVP ğŸ“¦,ğŸ“¦ CLASSIC BOX FIGHTSğŸ  BOXED LIKE A FISHğŸ¤¯ 200 PUMP IS BACKğŸ† WINNER GETS GOLD PUMPğŸ’¾ ELIMINATIONS & WINS SAVE,Teen / 12,"boxfight, practice, pvp, free for all, "
1,PvP,ğŸ GO GOATED! Zone Wars ğŸŒ€ *NEW WEAPONS*,ğŸ 4 Teams Battle ğŸğŸŒ€ Classic Zone Wars Game ğŸŒ€ğŸ‘¥Select Your TeamğŸ‘¥ğŸ’¾ Eliminations Save ğŸ’¾,Teen / 7,"practice, pvp, zonewars, "
2,PvP,The Pit - Free For All,ğŸ’¾ Your Scoreboard Stats SaveğŸ› ï¸ Reset Builds Every 10 minğŸ“€ 5 Coins per EliminationğŸ”« All Weapons,Teen / 12,"free for all, practice, pvp, respawn, "
3,PvP,CRAZY RED VS BLUE ğŸ”´ğŸ”µ,ğŸ”« All Weaponsâœ… Very Fun Red Vs BlueğŸ”¥ 10 Coins Per Eliminationâœ… Custom ScoreboardğŸ’¾ SAVES EliminationsğŸ†• CHAPTER 5 WEAPONS,Teen / 12,"team deathmatch, practice, pvp, "
4,PvP,TILTED ZONE WARS â­,â­ Classic Solo Zone Wars â­â­ Fun Loot & Items â­â­ Name Tags ON â­â­ Nostalgic â­,Teen / 12,"practice, zonewars, pvp, free for all, "
6,PvP,MINIGAME BOX PVP ğŸ“¦ 50+ Minigames ğŸ‘‘,ğŸ“¦ 50+ Minigames:ğŸŒ‹ Rising LavağŸŒˆ Color SwitchğŸ›‘ Hex-A-GoneğŸŒ€ Spin CycleğŸ‘» InvisibleğŸ’¥ KnockbackğŸƒâ€â™‚ï¸ Slow-MoğŸˆ Balloon PopğŸ—³ï¸ VOTE For Your Favorite Game!,Teen / 12,"boxfight, practice, pvp, minigame, "
7,PvP,Red vs Blue Minigames,ğŸ•¹ï¸ Activate Minigames while playingğŸ”« All Chapter 5 Season 3 WeaponsğŸ† Rank up to UnrealğŸ¥‡ Complete Achievements for RewardsğŸ’¾ Ranks and Eliminations Save,Teen / 12,"team deathmatch, practice, pvp, action, "
8,PvP,Lucky Block Bedwars,ğŸ€Random Lucky BlocksğŸ›ï¸Trios BedwarsğŸ˜Boss Vaultâ¬†ï¸Upgrade Base!,Teen / 12,"base, tycoon, pvp, competitive, "
9,PvP,Realistic FPS Gun Game [Body Cam],"ğŸ“· Hyper Realistic Bodycam First PersonğŸ” Fast Custom Rounds w/ Day, Rain, Fog, Snow & NightğŸ—ºï¸ 2 Different Maps!ğŸ‘‘ First to 20 WinsğŸ”« 8 Player FFA Gun Game(V1.6 One Shot Mode Added)",Teen / 12,"pvp, gun game, free for all, "
10,PvP,ğŸ”§ CUSTOM CARS TYCOON,"ğŸš— Over 50 Custom Cars + MONSTER TRUCKS ğŸ”¥ğŸš€ JUMP to the NEXT WORLD in a HUGE MEGA RAMPğŸ”§ Repair, Customize and Upgrade CarsğŸ¥‡ Compete in the first *CUSTOM RANK SYSTEM*ğŸšš Unlock SECRET Mega Cars",Teen / 12,"casual, just for fun, tycoon, simulator, "
11,Just For Fun,SIGMA TYCOONğŸ‘‘,ğŸ‘‘SIGMA TYCOONğŸ’¾ FULL Savings Enabled!â­ Custom Leveling System!ğŸ§¢ Unlock Different Custom Hats & Pets!â“Can You Find All The Hidden Eggs?!ğŸ‰Unlock And Fly The Dragon!ğŸ” Rebirth To Unlock New Rewards!,Teen / 12,"tycoon, simulator, casual, just for fun, "
12,Just For Fun,OnlyUp Fortnite! ğŸŒ„,"OnlyUp Fortnite, with an Altitude Meter and Timer! ğŸš€If you fall, you restart from the beginning... ğŸ˜±Don't fall and reach the top by passing every season of Fortnite Chapter 1! ğŸŒ„",Everyone / 3,"deathrun, just for fun, parkour, escape, "
13,Just For Fun,CHAINED TOGETHER ğŸ”—â˜€ï¸,ğŸ”— Chained Together FortniteğŸš€ With Altitude Meter and Timer!ğŸ˜± If you fall you restart ğŸ˜±ğŸŒ„ Pass every Season from Chapter 1,Everyone / 3,"deathrun, just for fun, parkour, escape, "
17,Just For Fun,The Pit - Zero Build,â­ Infinite RespawnğŸš« No BuildingğŸ“€ 5 Coins per EliminationğŸ”« All Weapons,Teen / 12,"free for all, respawn, just for fun, action, "
19,Just For Fun,BASKETBALL TYCOON ğŸ€,BE THE KING OF BASKETBALL ğŸ‘‘BUILD YOUR BASKETBALL ARENA ğŸ€BUILD YOUR OWN BASKETBALL STORE ğŸ‘ŸDECORATE YOUR DREAM HOUSE ğŸ COLLECT VEHICLES ğŸš—CAN YOU FIND THE VAULT CODE AROUND THE CITY? âš™,Teen / 7,"tycoon, casual, simulator, just for fun, "
20,Just For Fun,Piece Control 2v2 ğŸ¯,ğŸ¥‡ LeaderboardğŸ“ Intense Boxfight Piece Control ScenariosğŸ† Career Leaderboard/ Arena PointsğŸ¯ Best practice in the gameGood for duosGreat 2v2 practice with your duoMade in UEFN / Creative 2.0,Teen / 12,"boxfight, practice, duo, 2v2, "
21,Boxfight,BHE 1V1 BUILD FIGHTS Ø¹Ø§Ø±ÙƒÙ†ÙŠ Ø¨Ø§Ù„Ø¨Ù†Ø§Ø¡ æˆ¦ã„ğŸ’,FFA Build Fights ğŸ—ï¸1v1 box fights ğŸ“¦fast action â°build reset ğŸ’£built in UEFN,Teen / 12,"1v1, practice, boxfight, "
22,Boxfight,PANDVIL Box Fights (2v2) ğŸ“¦,"ğŸ”¸ğŸŸ¢Made By PANDVILğŸ”¸(2 vs 2) Box Fight MatchmakingğŸ”¸Near 0 wait between roundsğŸ”¸Ranks, Cosmetics and much moreğŸ”¸When eliminated spectate OR parkourğŸ”¸LIFETIME WIN & ELIMINATION leaderboards",Teen / 12,"boxfight, practice, duo, 2v2, "
23,Boxfight,Piece Control 1v1 ğŸ¯,ğŸ”« BRAND NEW LOADOUTSğŸ—ï¸ BRAND NEW COURSESğŸ¥‡ LeaderboardğŸ“ Intense Boxfight Piece Control ScenariosğŸ† Career Leaderboard/ Arena PointsğŸ® Piece control courses built by competitive pro AVFNğŸ¯ Best practice in the game,Teen / 12,"practice, 1v1, boxfight, pvp, "
24,Boxfight,Piece Control 3v3 ğŸ¯,ğŸ¥‡ LeaderboardğŸ“ Intense Boxfight Piece Control ScenariosğŸ† Career Leaderboard/ Arena PointsğŸ¯ Great For Trios,Teen / 12,"boxfight, pvp, practice, competitive, "
25,Boxfight,PANDVIL Box Fights (3v3) ğŸ“¦,"ğŸ”¸ğŸŸ¢Made By PANDVILğŸ”¸(4 vs 4) Box Fight MatchmakingğŸ”¸Near 0 wait between roundsğŸ”¸Ranks, Cosmetics and much moreğŸ”¸When eliminated spectate OR parkourğŸ”¸LIFETIME WIN & ELIMINATION leaderboards",Teen / 12,"boxfight, practice, trios, 3v3, "
27,Boxfight,ğŸ§  Brainrot Boxfights ğŸ“¦,ğŸ§  Play as a BRAINROT TikTok MemeğŸ¦¸21 Unique Brainrot Powersâš½ï¸ Speed - One Shot Ronaldo Pickaxe â›ï¸ğŸ¦‘ Squidword - Activate ERM WHAT THE SIGMA on playersğŸš¨ Among Sus - Vent Underground On PlayersğŸ†• Ranked System Just Added!,Teen / 12,"boxfight, practice, memes, pvp, "
28,Boxfight,MEME MINIGAMES PVP ğŸ¯,ğŸ’ª GIGA CHADğŸšƒ GNOMğŸ‘Š ONE PUNCHğŸ’¨ KNOCKBACKğŸ˜‚ MEME SWITCHğŸ¤ª DON POLLOğŸ¯ ONE SHOTğŸ DODGEBALLğŸ‘¯â€â™‚ï¸ BESTIESâŒ HITMARKERAnd much more!,Teen / 12,"boxfight, practice, minigame, party game, "
29,Boxfight,TILTED ZONE WARS (ALL WEAPONS) â­,This is the ALL WEAPONS version!,Teen / 12,"zonewars, practice, free for all, pvp, "
30,Boxfight,é«˜æ€§èƒ½ 1v1 (16 Players),1v1 Build Fight,Teen / 12,"1v1, free for all, practice, "
31,Boxfight,1V1 WITH EVERY GUN,âŒ No Waiting for Mythic WeaponsğŸ‘¤ 16 Player Free-For-AllğŸš Fun VehiclesğŸ’¦ Automatic Reloading on EliminationğŸ’¾ Loadout & Eliminations SaveğŸ†• Updated Weekly,Teen / 12,"free for all, just for fun, pvp, respawn, "
32,Free For All,ğŸ¯SNIPER ONE SHOT ğŸ’¥BATTLE,ğŸ’ªHave Fun With Sniper Only ArenağŸ’ªğŸ’¥All SnipersğŸ†Custom Rank SystemğŸˆLots of ItemsğŸ”Infinite RespawnğŸ¤©Endless FunğŸ¯Train Your Aimâ“Secret QuestsğŸš¨Become The Best Among 14 PlayersğŸš¨,Teen / 12,"one shot, free for all, sniper, pvp, "
33,Free For All,Best 1v1 Map,ğŸ¯ Make Your Best Kill ğŸ¯ğŸ‘¤ Only 2 Player ğŸ‘¤ğŸ“ˆ Ranked Mode ğŸ“ˆ,Teen / 12,"1v1, building, free for all, battle, "
34,Free For All,ğŸ˜ GUN GAME ğŸ”« SUMMER ONE SHOT,ğŸï¸ OG SUMMER THEME ğŸï¸âœ¨ INFINITE RESPAWNS âœ¨ğŸ¯ ONE SHOT ELIMINATIONS ğŸ¯,Teen / 12,"gun game, just for fun, free for all, respawn, "
35,Free For All,Ø³ÙƒØ±Ù…Ø²< RASFğŸ†ğŸ¥‡,Ø§Ù„Ø¨Ù‚Ø§Ø¡ Ù„Ù„Ø§ÙØ¶Ù„ SURVIVAL OF THE BEST,Teen / 12,"zonewars, battle, arena, competitive, "
36,Free For All,PRO ZONE WARS (1V1 TO 4V4),"ğŸ† 1v1, 2v2, 3v3, & 4v4 Zone Wars ğŸ†ğŸ”„ SCORE RESET ğŸ”„ğŸŒŸ WORKING ATTACHMENT SYSTEM! ğŸŒŸ",Teen / 12,"zonewars, practice, 1v1, 4v4, "
37,Free For All,GARAGE PVP - Ø³ÙƒØ±Ù…Ø² Ø§Ù„ÙƒØ±Ø§Ø¬Ø§Øª,ğŸ¯ 20 Players PvP ZonewarsğŸ”§ Random Garage LootğŸ Wheel of Fortune with Super PowersğŸ“¦ Boxfight Arenaâš”ï¸ Build Fight Arenaâ­ Mythic BunkerMade in UEFN / Creative 2.0,Teen / 12,"1v1, practice, zonewars, boxfight, "
38,Free For All,ROCKET WARS 3 ğŸš€,ğŸš€ Zone Wars GameğŸš€ 4 Teams BattleğŸš€ NEW Cosmetics + Elim AnimationsğŸš€ New Ranked System + Live Leaderboard,Teen / 12,"practice, pvp, zonewars, "
39,Free For All,ğŸ¦¸ HEROES GO GOATED ğŸŒ€,ğŸ¦¸ Random Heroes ğŸ¦¸ğŸ 4 Teams Battle ğŸğŸŒ€ Classic Zone Wars Game ğŸŒ€ğŸ‘¥Select Your TeamğŸ‘¥,Teen / 12,"practice, pvp, zonewars, "
40,Free For All,Rapid Realistics 2v2 ğŸ¯(speed),ğŸŒ„ 25 Realistic ScenariosğŸ•’ No Wait Time Between RoundsğŸ¯ Best practice in the game,Teen / 12,"duo, pvp, practice, zonewars, "
41,Free For All,1V1 MAP INFINITE,FIRST PERSON MODE ( NEW )Always NewUpdated Weapons.Free For AllSmooth Experience,Teen / 12,"1v1, pvp, zonewars, practice, "
42,Free For All,Bed Wars,ğŸ‘¥ Teams of ThreeğŸ›Œ Destroy Opponent's BedsğŸ›¡ï¸ Protect Your BedğŸ’ Upgrade Your Base With Diamonds,Teen / 7,"tycoon, base, pvp, trios, "
44,Zonewars,Bed Wars Klombos [PvP BedWars],ğŸ”« Chapter 5 Weapons & Mods!ğŸ›ï¸ Defend Your Klombo (Bed)!ğŸ’¥ Break Rival Klombos!ğŸ¤ 4v4v4v4 Battle!,Teen / 12,"base, tycoon, pvp, practice, "
46,Zonewars,Bed Wars PVP - Ø­Ø±Ø¨ Ø§Ù„Ø§Ø³Ø±Ø©,ğŸ‘¥ Teams of Trios.ğŸ›Œ Defend and Protect Your Bed.ğŸ”¥ Break Opponent's Beds to Eliminate Them.ğŸ’ Upgrade Your Base With Diamonds.â¬†ï¸ Get New Perks.,Teen / 12,"tycoon, base, pvp, practice, "
48,Zonewars,MURDER MYSTERY,ğŸ‘¤ Survivors: Survive the MurdererğŸ”ª Murderer: Eliminate all SurvivorsğŸ” Sheriff: Eliminate the Murderer,Teen / 7,"party game, role playing, survival horror, "
49,Zonewars,LYADOLL PARTY ROYALE,"âœ¨HAVE FUN ,CHILL OUT, WITH FRIENDSâœ¨ğŸµSECRET PLACES, FUN , DANCEğŸµğŸ‘¥MAKE NEW FRIENDSğŸ‘¥",Teen / 12,"casual, party world, party game, role playing, "
53,Zonewars,Melaad Party Royale,By NASA,Teen / 12,"party world, party game, role playing, casual, "
55,Tycoon,ğŸŒˆColor Block - SwitchğŸŒˆ,ğŸŒˆEnjoy The Color Switch PartyğŸŒ©ï¸Survive The LongestğŸ˜€Have Fun,Everyone / 3,"minigame, party game, just for fun, casual, "
56,Tycoon,1v1 Build Fights! [4.6.4],âœ” Simplistic 1v1 Mapâœ” Always Updatedâœ” Fully AutomaticFind Opponents through matchmaking!,Teen / 12,"1v1, competitive, practice, "
57,Tycoon,é«˜æ€§èƒ½ 1v1,1v1 Build Fight,Teen / 12,"1v1, practice, "
58,Tycoon,Pandvil 1v1 Simplistic,ğŸ”¸SIMPLISTICğŸ”¸Build Reset ButtonğŸ”¸Select 185 or 200 HPğŸ”¸Matchmaking Enabled,Teen / 12,"1v1, boxfight, practice, solo, "
59,Tycoon,PANDVIL Box Fights (1v1) ğŸ“¦,"ğŸ”¸ğŸŸ¢Made By PANDVILğŸ”¸(1 vs 1) Box Fight MatchmakingğŸ”¸Near 0 wait between roundsğŸ”¸Ranks, Cosmetics and much moreğŸ”¸When eliminated spectate OR parkourğŸ”¸LIFETIME WIN & ELIMINATION leaderboards",Teen / 12,"1v1, boxfight, practice, solo, "
60,Tycoon,Shad's 1v1 Map (200 Pump),"*200, 180, OR 1 HP**New Guns!**Weapon Mod Bench!*âœ”ï¸Reset Buttonâœ”ï¸Skin Changerâœ”ï¸Updated RegularlyFind People Through Matchmaking!If You Wanted Anything Added To The Map DM Me on Twitter @9shdd",Teen / 7,"1v1, competitive, practice, duo, "
61,Tycoon,ğŸ±SHADOW VS GHOSTğŸ‘»,ğŸ¥Š Team vs Team BattleğŸ” Many SecretesğŸ”¥50 Coins Per Elimination,Teen / 12,"team deathmatch, "
62,Tycoon,ğŸ’¯ RĞ•D VS Ğ’LUĞ• ğŸ¥¶ RUMBLE,ğŸ†• New All Ch5 Weapons AddedğŸ”µ ENDLESS TEAM DEATHMATCH COMBATğŸ”´ POWERUPS AND SECRETS ğŸ‘€ğŸ† Rank up from BRONZE to UNREALğŸ“€ 50 Gold Coins per EliminationğŸš½ 1st Person ModeğŸ”’ OP VaultğŸ’¾ Eliminations and Ranks Save,Teen / 12,"team deathmatch, "
63,Tycoon,Ù…Ø§Ø¨ Ø§Ù„Ù…Ø¹Ø±Ù‚ÙŠÙ† PROğŸ’¯,"2-20 players compete, either team of the two teams for first place! in an atmosphere of enthusiasm and suspense in this creative map",Teen / 12,"team deathmatch, action, capture the flag, base, "
65,Party Game,ğŸºWolves VS ChickensğŸ”,ğŸº Team Deathmatch ğŸ”ğŸ¯ Killstreaks ğŸ¯ğŸ¤« Secrets ğŸ¤«ğŸ† Worldwide Leaderboard ğŸ†â­ Mythic Weapons â­ğŸ‘¨â€ğŸŒ¾ Created by Fhsupport ğŸ‘¨â€ğŸŒ¾,Teen / 12,"team deathmatch, "
66,Party Game,ğŸ’™PLAYSTATION VS XBOXğŸ’š,ğŸ’™PLAYSTATION VS XBOXğŸ’šâ­Rank System AddedğŸ† Team VS TeamğŸš© CAPTURE THE FLAG!ğŸ”« Fun WeaponsğŸ†• New GunsğŸ§  MADE IN CREATIVE 2.0 / UEFN,Teen / 12,"team deathmatch, capture the flag, gun game, building, "
68,Party Game,Winter Rockets VS Cars,ğŸ˜€Fun To PlayğŸ”¥Earn GoldğŸ’¾Saves Gold And Eliminationsâœ…Drive Cool CarsğŸ†• New Rank System,Teen / 12,"just for fun, party game, team deathmatch, race, "
69,Party Game,Phantom Investigation [REIMAGINED],"Welcome to Phantom Investigation:A realistic approach at Ghost Hunting in Fortnite, now made in UEFN.Join up to 3 friends in this intricate game.Use your equipment and investigate the house, you have one singular objective; Identify the Ghost.v1.11",Teen / 12,"horror, casual, adventure, puzzle, "
72,Party Game,Default Parkour 425+,ğŸ¤¯ Over 425 SIMPLE StagesğŸƒâ€â™‚ï¸ Dash! Glide! Ascend!ğŸ•µï¸â€â™€ï¸ Discover SecretsğŸ•’ Challenge Your SpeedğŸ˜³ Will You Reach the FINAL Challenge?Explore 425+ EASY Levels!Can You Uncover Every Secret?Created by Omega Creations,Teen / 7,"parkour, deathrun, difficulty: easy, just for fun, "
76,1v1,NEW WEAPONS GUN GAME DRIVE HERO ONE SHOT,â­ 20 Player Hero Drive Fun Chapter 5ğŸ”« All Weapons & Items and VehiclesğŸ’¥ Play with Friends to have more funğŸ’ª Pick any Gun and One Shot playersğŸ› ï¸ Reset Builds and Cars Every 5 MinğŸ’¾ Eliminations and Loadouts SaveğŸ†• New All Season Weapons Added,Teen / 12,"gun game, open world, free for all, race, "
77,1v1,SLAP FIGHTS ğŸ–ï¸,ğŸ‘SLAP ENEMIESğŸ§ MADE IN UEFN / VERSEğŸ’¾SAVED PROGRESSâ­DAILY REWARDSğŸ†RANKED SYSTEMğŸ“œLEADERBOARDğŸ–ï¸GAIN COINS TO EQUIP INSANELY POWERFUL GLOVESğŸ©CUSTOM COSMETICSâš”ï¸SPECIAL POWERS,Everyone 10+ / 7,"minigame, just for fun, party game, fighting, "
78,1v1,ğŸ¶ PET HEROES ADVENTURE,"ğŸ¾ Open eggs, collect pets and explore the world of Pet Heroes AdventureğŸ¥š Open 30+ Eggs ğŸ¥šğŸ± Collect 100+ Pets ğŸ±â­ Gold & Rainbow Pets â­ğŸ—ºï¸ Explore 30+ Areas ğŸ—ºï¸ğŸ’¾ SAVE PROGRESS!! ğŸ’¾",Everyone / 3,"casual, just for fun, tycoon, simulator, "
79,1v1,LEGO Fortnite,"Explore vast, open worlds where the magic of LEGOÂ® building and Fortnite collide. Find the ultimate survival crafting LEGO adventure in Fortnite!",Everyone 10+ / 7,"survival, co-op, open world, sandbox, "
81,1v1,ğŸš”DRIVE CITY - ALL WEAPONSğŸ’¥,ğŸ’¥Free For AllğŸ’¥ğŸï¸ Driving with Unlimited BoostğŸï¸ğŸ”« All weaponsğŸ”«ğŸï¸Big map with a lot of places to exploreğŸï¸ğŸ¤Secret SpotsğŸ¤Have fun!,Teen / 12,"open world, race, role playing, just for fun, "
82,1v1,SKYBOX,SANDBOX IN THE SKY! ğŸ˜ƒâ˜€ï¸HIT CHEST!UPGRADE EVERYTHING! ğŸ’ªBUILD A SKYTOWN! ğŸ™ï¸EXPLORE A MASSIVE WORLD IN THE SKYğŸŒ,Teen / 12,"creatures, open world, tycoon, pve, "
83,1v1,99 BOTS OG BOT ROYALE ğŸ†,99 BotsğŸ¤–All WeaponsğŸ”«Greasy GroveğŸ Play With FriendsğŸ˜‚Mega Reward In 17 MinutesğŸ”‘EPIC BOSS FIGHT COMING SOON!Made In UEFN 2.0,Teen / 12,"creatures, boss battle, open world, pve, "
85,1v1,Endless Zone Wars Ranked,ğŸŒ€ Never-Ending Zone WarsğŸ• Instant Respawns & No Wait TimeğŸ‘‘ Custom Crowns & Ranked SystemğŸš€ Call in the NUKEğŸ† Custom Win Screens & Combat ReportğŸ’¾ Rank & Eliminations SaveğŸ§  MADE IN UEFN & WEEKLY UPDATES,Teen / 12,"zonewars, practice, pvp, free for all, "
86,Team Deathmatch,Pet Tycoon Simulator,ğŸ¾ Unlock the coolest pets! They will help you in your adventure!ğŸ’° Break chests!ğŸ¥š Open eggs!ğŸ± Collect pets!ğŸ—º Explore 20 zones!ğŸ” Find the Golden Cat!ğŸ’¾ Your game is saved!,Everyone / 3,"tycoon, clicker, simulator, just for fun, "
87,Team Deathmatch,RAFT TYCOON [CO-OP],ğŸ‘¥ 2 Player CO-OP Raft Tycoon! - *UPDATED PRICES*ğŸŒŠ You're in the Middle of the Ocean ğŸŒŠğŸš£â€â™‚ï¸ Start on a Single Pallet ğŸŒ´ğŸ› ï¸ Expand and Build your Dream Raft ğŸ›¶ğŸ”“ Unlock new Farms ğŸŒğŸ£ Fish for extra Gold ğŸ ğŸ” Find Easter Eggs! ğŸ¥šğŸš€ Reach the end! ğŸ‰,Everyone / 3,"co-op, tycoon, just for fun, simulator, "
90,Team Deathmatch,ğŸš—CAR CRASH BATTLEğŸ”¥,ğŸš—Survive LongestğŸš—Destroy carsğŸš—CAR CRASHRequests and bugs / Twitter @SK_1883Please feel free to contact me if you have any inquiries,Teen / 12,"party game, minigame, race, driver simulator, "
92,Team Deathmatch,IMPOSTOR,"Find the IMPOSTOR!In this map at the bottom of the ocean, you have to complete quests and face events to survive!Don't hesitate to follow on TWITTER/X : @impostorfn to follow updates of the map!",Teen / 12,"role playing, horror, party game, minigame, "
93,Team Deathmatch,ğŸŒˆ RAINBOW HIDE AND SEEK ğŸŒˆ,WELCOME TO RAINBOW HIDE AND SEEKâ­ï¸New Color Every Round! â­ï¸â­ï¸Made in UEFN / Creative 2.0! â­ï¸ğŸ”¥100+ INSANE Hiding Spots! ğŸ”¥ğŸ˜±TELEPORTS! ğŸ‘€â­PARTY GAMEâ­ğŸŒˆADVENTUREğŸŒˆğŸ”¥MYSTERYğŸ”¥,Teen / 12,"just for fun, casual, mystery, action, "
94,Team Deathmatch,SUPER SNIPER ONE SHOT ğŸ¯,ğŸ¡ Pleasant ParkğŸ”¥ Most Fun EVERâœ… All SnipersğŸ† Rank Up (Bronze -> Unreal)ğŸ” Instant RespawnğŸ“€ 5 Coins per EliminationğŸ¥‡ Complete Achievements for RewardsğŸ†• Frequent Updates with all the new content!,Teen / 12,"free for all, pvp, sniper, one shot, "
96,Casual,Martoz 1v1 Build FightsğŸ“,1v1 with no terrain ğŸ“,Teen / 12,"1v1, pvp, practice, building, "
100,Casual,SPACE TYCOON ğŸš€,"ğŸ’¾ FULL Savings Enabled!â­ Custom Leveling System!ğŸ§¢ Unlock Different Hats, Backpacks and Drones!â“Can You Find All The Hidden Numbers To The Pincode?ğŸ‘½Explore The Map and Fight Unique Aliens!ğŸ›¸Unlock The UFO!ğŸ” Rebirth To Unlock New Rewards!",Teen / 7,"tycoon, simulator, casual, just for fun, "
101,Casual,FORTMEGLE - Talk to strangers RP ğŸ“,"ğŸŒ TALK TO STRANGERS ALL AROUND THE WORLD ğŸŒğŸ“€ COLLECT COINS TO BUY ITEMS, CLOTHES AND POWERS ğŸ“€ğŸ“± USE THE REMOTE TO SKIP TO ANOTHER PLAYER ğŸ“±ğŸ“¦ FIND YOUR DUO IN A 2V2 BOXFIGHT ğŸ“¦ğŸ¥ FIRST PERSON CAMERA ğŸ¥ğŸŒŸ MADE WITH VERSE/UEFN ğŸŒŸ",Teen,"role playing, friendly, casual, just for fun, "
102,Casual,XTREME RAMP JUMP ğŸš€,ğŸ›©ï¸ Fly Across the Map!ğŸš— All Vehicles!âš¡ Unlock Speed Levels!âœ¨ Unlock Trails & Cosmetics!ğŸ† Level up and unlock boosts!ğŸš© Can you reach the end?,Teen / 12,"race, just for fun, runner, deathrun, "
103,Casual,â” Fort Who â“ - Guess Who They Are,â” Ask Questionsâ“ Make Your GuessğŸ¤ Mic Not RequiredğŸ‘¤Choose Character StyleğŸ¨ Design Your Board,Everyone / 3,"board game, card game, just for fun, minigame, "
104,Casual,Desert Zone WarsğŸŒµ,ğŸ”¸16 player SOLO free for all Zone WarsğŸ”¸Classic Desert Zone Wars environmentğŸ”¸NEW Season Weapons + Classic FavoritesğŸ”¸NEW Thunderbolt + Wings,Teen / 12,"practice, zonewars, building, "
105,Casual,ğŸ”¥CAR TAGğŸ”¥,ğŸ”¥ TRUCKS: Smash the CarsğŸ”¥ CARS: Survive Until the Time Runs Out,Teen / 12,"race, parkour, party game, minigame, "
106,PvP,ğŸ Home Alone - Prop HuntğŸ„,ğŸ‘¨â€ğŸ‘©â€ğŸ‘§ 2-20 playersğŸ‘¦ Kevin vs RobbersğŸ•µï¸â“ Find all secrets on the mapğŸ§©ğŸ„ Christmas atmosphereğŸ„ğŸ”´ NEW QUEST SYSTEM,Teen / 12,"prop hunt, party game, just for fun, minigame, "
107,PvP,TRğŸ¤£LL Bed Wars ğŸ›ï¸,"New season items!4 custom trio teamsWood, Stone, Metal & GoldUpgrade your baseBuy security camera's, power-ups & moreğŸ‘¨â€ğŸŒ¾ Created by Fhsupport ğŸ‘¨â€ğŸŒ¾",Teen / 12,"base, tycoon, trios, pvp, "
110,PvP,âœˆï¸ Airport Driving FFA,"ğŸŒ Free for all !â­ Explore and find the best weapons in town !âœˆï¸ Funny Aircrafts animated : Fighter, big Airliner, Private Jet !ğŸï¸ All vehicules and many weapons !ğŸ 100% FUN ğŸ",Teen / 12,"just for fun, race, minigame, open world, "
111,PvP,ğŸ‘»Ghost VS ShadowğŸ±,ğŸ¥Š Team vs Team Battleâ­ Awesome Visual AestheticğŸ” Many Hidden ItemsğŸŒˆ Gameplay Customization,Teen / 12,"team deathmatch, battle, action, exploration, "
112,PvP,ğŸ PETER VS GIANT CHICKENğŸ”,ğŸ PETER VS GIANT CHICKENğŸ”â­POWERUPSğŸ†•New Chapter 5 Season 3 weaponsğŸ†•âœ¨Mythics and Exotics AddedğŸ”¥5 Coins per elimination,Teen / 12,"battle, just for fun, team deathmatch, practice, "
113,PvP,REALISTIC DRIVE ğŸŒ„,ğŸ”¥ Creative 2.0ğŸŒ HUGE Open WorldğŸ›µ ALL Vehicles,Teen / 7,"race, just for fun, open world, free for all, "
115,PvP,ğŸŒ„ CITY FREE FOR ALL - ALL WEAPONS ğŸ™ï¸,ğŸ”« FREE FOR ALL ğŸ® ALL WEAPONS AND ITEMS ğŸš— ALL VEHICLES ğŸ›£ï¸ GIANT MAP âœˆï¸ MANY LOCATIONS TO EXPLORE ğŸˆ,Teen / 12,"free for all, just for fun, open world, race, "
116,PvP,ğŸ§Ÿ ZOMBIEDRIVE ğŸï¸,ğŸ§Ÿâ€â™‚ï¸ Endless hordes of Zombies! ğŸ§Ÿâ€â™‚ï¸ğŸš—Run over Zombies in Cars or Tanks!ğŸš—ğŸ”«Buy or loot powerful weapons!ğŸ”«ğŸï¸LOTS of Vehicles!ğŸï¸,Teen / 12,"creatures, horror, race, free for all, "
118,Just For Fun,Valhalla: BossfightğŸ,NEW MYTHIC DIFFICULTYFight Serpent Boss ğŸ from Norse Mythology! Play solo or with 12 players on 4 different difficulties. Fight zombiesğŸ§Ÿâ€ to earn gold and unlock better weapons!Created by VerySpicyGames and Bifrost Studios,Teen / 12,"creatures, boss battle, pve, survival, "
120,Just For Fun,ONEBLOCK 100 DAYS,-SURVIVE 100 DAYS ON A SINGLE BLOCK IN THE SKY ğŸï¸-FACE CHALLENGES AND HIT THE BLOCK TO GET RESOURCESâ›ï¸-ğŸ‘¥1-4 Players-DISCOVER NEW AREAS-HAVE FUNâ­,Teen / 12,"survival, casual, crafting, pve, "
121,Just For Fun,ZOMBIE CITY: BOSSFIGHT,ğŸ² KAIJU BOSS FIGHTğŸ¢ Huge City to ExploreğŸ§Ÿ Endless Hordes of Zombies to FarmğŸ”« All Weaponsâ­ Humans vs Infected PVPğŸ¤« Discover all the Secrets!,Teen / 7,"creatures, boss battle, survival, pve, "
122,Just For Fun,ğŸ—¿ BACKROOMS SURVIVAL - NEXTBOT ğŸ˜¹,ğŸ‘½ 24 NEXTBOTS ğŸ“ CHICKEN â˜ ï¸ SURVIVE ğŸƒâ€â™€ï¸RUN ğŸšª7 BACKROOMS ğŸ˜± HORROR,Teen / 12,"survival, horror, escape, adventure, "
123,Just For Fun,ğŸ§ŸğŸ§ŸğŸ§Ÿ ZOMBIES DESERT (CO-OP) â­â­â­,Have fun by Eliminating Zombies! & More!!,Teen / 12,"creatures, open world, pve, survival, "
124,Just For Fun,The Friday 13th,The survivors must repair the vehicles and escape the island!NEW ISLAND!,Teen / 12,"mystery, horror, survival, survival horror, "
127,Boxfight,MAFIA TYCOON ğŸ”¥,ğŸ‘‘ Build the best Secret Mafia BaseğŸ–¤ Become the main Boss in the worldğŸ”¥ Explore various locations and unlock new ones!ğŸ€ Buy stylish PetsğŸ’¼ Find all the secrets,Teen / 12,"simulator, tycoon, casual, just for fun, "
128,Boxfight,BUNKER TYCOON [CO-OP],ğŸ’¥ Build Secret Underground Bunker (OVER 10 FLOORS)ğŸ§Ÿâ€â™€ï¸ Go Outside and Eliminated Zombies!ğŸ¤¿ Purchase MasksğŸ¯ Rise up in SURVIVOR LVL'sğŸ”« Upgrade Your Weapons & Masks!ğŸ¤« Unlock SecretsğŸ’¾ Rebirth and Re-Play FOREVER!,Teen / 12,"tycoon, creatures, simulator, just for fun, "
129,Boxfight,CASTLE TYCOON: BOSSFIGHTğŸ²,ğŸ‘‘ Become a KINGğŸ° Upgrade and Build your CASTLEğŸ’ Get rich selling GEMSğŸ² SLAY the DRAGON BOSSğŸ§Ÿ Fight ZOMBIES for BOOSTSğŸ¾ Unlock Cool DRAGON PETSğŸ’¾ ALL PROGRESS SAVESâ¬†ï¸ INFINITE REBIRTH PROGRESSIONâ Unlock up to a 10x BOOSTER,Teen / 7,"tycoon, simulator, pve, boss battle, "
130,Boxfight,BUSINESS TYCOONğŸ’¼,ğŸ“ˆBuild The Best Business in The WorldğŸ¢Build your Business OfficeğŸï¸Drive SupercarsğŸ‘¨â€ğŸ’¼Hire Employees To Work For YouğŸ§ MADE IN UEFN,Teen / 12,"tycoon, simulator, just for fun, casual, "
131,Boxfight,PANZER VS ARMORED ğŸ›¡,ğŸŸ£ğŸ”´Team vs Team BattleğŸ¦¸â€â™‚ï¸ Self - ReviveğŸ”« ALL new Chapter 5 Season 3 Weapons!ğŸ” Hidden ItemsğŸšŒ Tanks/ Gun TowersğŸ† Rank up to Unrealâœ… Custom ScoreboardğŸ›ï¸ Vault Open Every 5 MinutesğŸ®Fun if you play with friends!,Teen / 12,"team deathmatch, battle, action, gun fight, "
132,Boxfight,Drive World,ğŸ”« CH5 WeaponsğŸï¸ Drive with Unlimited BoostğŸï¸ğŸ¤Secret AreasğŸ¤Wild animalsBig RewardsHave Fun!,Teen / 12,"open world, race, driver simulator, pvp, "
134,Boxfight,SCRIMS PVP - Ø³ÙƒØ±Ù…Ø² ğŸ†,ğŸ There is a wheel of fortuneğŸ¥‡ Ranked SystemğŸ”« You can vote on weaponsğŸ† 16 professional players,Teen / 12,"pvp, zonewars, competitive, 1v1, "
135,Boxfight,ğŸ˜ GUN GAME ğŸ”« ONE SHOT ğŸ¯ AIM,ğŸŒŸ OG SUMMER THEME ğŸŒŸğŸ‘‘ INFINITY RESPAWNS ğŸ‘‘ğŸ¯ ONE SHOT ELIMINATIONS ğŸ¯ğŸ˜ FUNğŸ¯ TRAIN YOUR AIMğŸ‘‘ BECOME THE BEST AMONG 12 PLAYERS ğŸ‘‘â“ SECRETS â“,Teen / 12,"gun game, just for fun, free for all, respawn, "
136,Boxfight,â­CRAZY PARKOUR 250+â­,â­Over 250 Levelsâ­âœ…Difficulty: Crazyâœ…ğŸ”¥Try to beat the World Record!ğŸ”¥,Teen / 7,"deathrun, parkour, minigame, difficulty: easy, "
137,Free For All,OCTO GAME 2.0 ë¬¸ì–´ ê²Œì„,[HUGE UPDATE] COSMETICS!!!ğŸš¦ GREEN LIGHT RED LIGHTğŸªHONEY COMBğŸ”¦LIGHTS OUTğŸ’ªTUG OF WARğŸª©MARBLE RUNğŸ”GLASS BRIDGEğŸ™OCTO GAME,Teen / 12,"deathrun, escape, minigame, horror, "
139,Free For All,RAPID BOXFIGHTS 2v2 ğŸ¯,ğŸ† BRAND NEW LEADERBOARDğŸ•’ NO WAIT TIME BETWEEN ROUNDSğŸƒ FAST PACED ACTIONğŸ“¦ CLASSIC BOXFIGHTS,Teen / 12,"boxfight, competitive, pvp, duo, "
140,Free For All,ğŸ† CHAMPIONS BOX FIGHTS (Ranked),ğŸ˜‰ NEW Chapter 5 WeaponsğŸ† Custom Rank Systemâœ”ï¸ Fastest FFA Box Fight Everâ­ï¸ Instant Respawn SystemğŸ›  Best TrainingğŸ§  Optimized for Speed via UEFNğŸ’¾ Ranks and Eliminations SaveğŸ†• Frequent Updates with all the new content,Teen / 12,"boxfight, free for all, practice, competitive, "
141,Free For All,Tropical Island Tycoon [CO-OP],Survive on Island with your friend ğŸ‘¥ğŸ‘¥2 Player CO-OP TycoonğŸ›  Build new farmsğŸ’° Exchange farm products for gold and diamondsğŸ Beautify the island with decorationsğŸš€ Reach the end to get rebirth,Teen / 12,"co-op, tycoon, simulator, casual, "
142,Free For All,ğŸ’¯ RED VS BLUE ğŸ¥¶ RUMBLE,ğŸ†• New All Ch5 Weapons AddedğŸ”µ ENDLESS TEAM DEATHMATCH COMBATğŸ”´ POWERUPS AND SECRETS ğŸ‘€ğŸ† Rank up from BRONZE to UNREALğŸ“€ 50 Gold Coins per EliminationğŸš½ 1st Person ModeğŸ”’ OP VaultğŸ’¾ Eliminations and Ranks Save,Teen / 12,"team deathmatch, "
143,Free For All,COLOR DASH,"A Random Color Is Picked, You Must Race Against Time And Others, In Order To Not Meet Your Demise... The Game Will Become More Difficult Later On... Also Rank Up Your Rank Playing The Mini Modes After Being Eliminated!",Teen / 12,"race, just for fun, deathrun, parkour, "
144,Free For All,OnlyUp Time Travel ğŸš€,"ğŸŒˆ 10,000+ Meters Upâ­ Rare Secrets to DiscoverğŸ’¾ Saves Your ProgressğŸ’ Hidden Collectibles",Everyone / 3,"deathrun, parkour, just for fun, escape, "
145,Free For All,ğŸ¯RELOAD ONE SHOT SNIPER,ğŸ’¥ One shot gun gameğŸ¯ Scope while in the airğŸ’¯ Reload locationsğŸ¥‡ First to 50 eliminationsğŸ¤© Hit trickshotsğŸ† Be the best in the lobby,Teen / 12,"one shot, sniper, free for all, pvp, "
148,Party Game,CATNAP VS DOGDAYğŸ”´ğŸ”µ,ğŸ”« New ALL Chapter 5 Season 3 Weapons!ğŸ† Rank up from Bronze to UnrealğŸ”«Level up your stats!ğŸ”¥ Have Fun With FriendsğŸ”« All MYTHIC and EXOTIC WeaponsğŸ“€ 10 Gold Coins per EliminationğŸ’² FREE Weapon ModsğŸ’ªPOWERUPSğŸ§  Made in UEFN,Teen / 12,"team deathmatch, practice, free for all, pvp, "
149,Party Game,RICH TYCOONğŸ’°,â­Become The Richest In The WorldğŸ Build Your MansionğŸï¸Drive SupercarsğŸ’Hire Diamond Farmers to Work For YouğŸ§ MADE IN UEFN,Teen / 12,"tycoon, simulator, just for fun, casual, "
150,Party Game,OnlyUp Chapter 2! ğŸŒŒ,"OnlyUp Fortnite Chapter 2, with an Altitude Meter and Timer! ğŸï¸If you fall, you restart from the beginning... ğŸ˜±Don't fall and reach the top by passing every season of Fortnite Chapter 2! ğŸ–ï¸",Everyone / 3,"deathrun, adventure, just for fun, parkour, "
152,Party Game,THE PIT - ZEUS [RANKED],ğŸ”« All Weapons [Seasonal and New added]âœ… Very Fun Pit with New Powers AddedğŸ› ï¸ Reset Builds Every 7 minğŸ“€ 10 Coins per EliminationğŸ† Ranking SystemğŸ‘€ Secrets? A LOT,Teen / 12,"free for all, building, practice, action, "
153,Party Game,Spy Tycoon ğŸ•µï¸,ğŸ‘‘Become the Most Famous SpyğŸ•µï¸Spy on people and earn incomeğŸ˜ï¸ Build Your Spy operation baseğŸ¶Unlock your spy petğŸ’¾ Persistence Data enable!ğŸ“²Come back where your based is buildğŸ“²Saves your progress and stats!ğŸ§  Made in Creative 2.0By Clevereen,Teen / 12,"tycoon, simulator, just for fun, casual, "
154,Party Game,ğŸ›¡ï¸ ARMORED RED VS BLUE ğŸ”´ğŸ”µ,ğŸ”« ALL new Chapter 5 Season 3 Weapons!ğŸšŒ Armored Buses Added!ğŸ…¿ï¸ Garage on Each Baseâœ… Fun Red Vs Blueâœ… Custom ScoreboardğŸ›ï¸ Vault With Amazing Items,Teen / 7,"team deathmatch, practice, sandbox, pvp, "
155,Party Game,TREEHOUSE TYCOONğŸŒ³,ğŸ’¾2.0ğŸ  Build Your TREEHOUSE!ğŸ—¡ï¸ New Usable Weapons!ğŸš— Unlock CRAZY Cars!ğŸš€ TRY THE LUCKY WHEEL!ğŸ» Unlock Pets!ğŸ§  MADE IN UEFN/CREATIVE 2.0ğŸ§ ,Teen / 12,"tycoon, just for fun, simulator, casual, "
156,Party Game,Pit - Custom Weapons,"ğŸ”« 11 Custom Weapons + All WeaponsğŸ’¾ Ranked System & All Progress SavesğŸ› ï¸ Builds Reset Every 15 minğŸ“€ Spend Gold On Weapons, Powers, and EventsğŸ“ˆ Vote For New Custom WeaponsğŸ§  MADE IN UEFN & WEEKLY UPDATES",Teen / 12,"free for all, practice, pvp, respawn, "
159,Zonewars,Sneakers TycoonÂ ğŸ‘Ÿ,Build your Giant Sneaker Factory ğŸ‘ŸHave all the Most Famous Sneakers ğŸ‘‘Wear custom sneakers ğŸ–ŒSuper Powers! ğŸ¦¸â€â™‚Unlock GOD Mode ğŸ”“Play basketball to earn even more money! ğŸ€SneakersÂ cars!Â ğŸ›¼,Teen / 12,"simulator, tycoon, casual, just for fun, "
161,Zonewars,ğŸš€AMONG GUN GAMEğŸ¯ONE SHOT,ğŸš€Amazing SpaceshipğŸ”« 9 Custom Weaponsâœ…Most Fun EVERğŸ’¥One Shot EliminationsğŸ†Ranked SystemğŸ’¾ Eliminations and Ranks SaveğŸš¨Become The Best Among 12 PlayersğŸš¨,Teen / 12,"gun game, just for fun, free for all, one shot, "
164,Zonewars,ğŸ¦¸ğŸ»â€â™‚ï¸SUPER GUN GAME ğŸ”«NEON ONE SHOT ğŸŒŒ,ğŸ”« INFINITY GUN GAME WITH ALL WEAPONS ğŸ†•ğŸ™ TILTED TOWERSğŸ¯ONESHOTâ“FIND SECRETSâ­ï¸MEGA FUN WITH FRIENDSğŸ†TRY TO HIT UNREAL AND BECOME THE BEST AMONG 16 PLAYERSğŸ”¥USE ADVANCED FEATURESğŸ¦¸UNLOCK SUPER-POWERS,Teen / 12,"one shot, gun game, free for all, sniper, "
166,Zonewars,HAUNTED ESCAPE 4,ğŸ˜¨ HORROR ğŸ˜¨ğŸ’€ JUMPSCARES ğŸ’€ğŸ˜… FUN ğŸ˜…â­ UEFN MADE â­ğŸ‘» 1-12 PLAYERS ğŸ‘»ğŸ§© ESCAPE ğŸ§©,Teen / 12,"horror, escape, party game, survival horror, "
167,Zonewars,99 BOTS OG ROYALE ğŸ†,99 BotsğŸ¤–All WeaponsğŸ”«Tilted and Greasy!ğŸ Play With FriendsğŸ˜‚Mega Reward In 20 MinutesğŸ”‘EPIC BOSS FIGHT COMING SOON!Made In UEFN 2.0,Teen / 7,"creatures, pve, open world, boss battle, "
170,Tycoon,TOWER TYCOON ğŸ—¼,ğŸ—¼Build The Highest Tower ğŸ—¼ğŸ‘‘ Become A Billionaire ğŸ‘‘ğŸ’¥ Customize Your Tower ğŸ’¥ğŸ› ï¸ Build Floors ğŸ› ï¸ğŸ§  Made in UEFN & Verse ğŸ§ ,Teen / 7,"tycoon, just for fun, simulator, casual, "
171,Tycoon,32 Player Zone Wars,ğŸ”„ Competitive Loot PoolğŸ† Placement PointsğŸ‘¥ 2 to 32 Players,Teen / 12,"zonewars, practice, competitive, solo, "
172,Tycoon,Reality simulator Ø­ÙŠØ§Ø© ÙˆØ§Ù‚Ø¹ÙŠØ©,king city 2.0 Reality simulatorÙƒÙ†Ù‚ Ø³ØªÙŠ Ù„Ù„Ø­ÙŠØ§Ø© Ø§Ù„ÙˆØ§Ù‚Ø¹ÙŠØ©,Teen / 12,"driver simulator, role playing, race, open world, "
173,Tycoon,ğŸ¯SNIPER QUICKSCOPE ONE SHOTâ­TILTED PARK,ğŸ¯All Snipersâ­One ShotğŸ¥‡Quick Scope and No Scope for extra gold!ğŸ†Ranks that SAVE!ğŸˆLow gravity fast paced FFAâœ…Most fun Sniper one shot on Tilted Towers/Pleasant Park hybrid map,Teen / 7,"sniper, free for all, one shot, pvp, "
174,Tycoon,School Tag -å­¦æ ¡é¬¼ã”ã£ã“-,English/æ—¥æœ¬èªTag / é¬¼ã”ã£ã“Parkour / ãƒ‘ãƒ«ã‚¯ãƒ¼ãƒ«,Teen / 12,"casual, just for fun, parkour, "
176,Tycoon,MILLIONAIRE TYCOON â­,Become A Millionaire ğŸ’°Eliminate NPCs' ğŸ¯Claim Pets & Hats ğŸ¾Build Your MEGA Mansion ğŸ REBIRTH For EXTRA Rewards âœ…Can You Find The Hidden God Mode Power ğŸ¤”LEVELS & REBIRTHS SAVE PROGRESS ğŸ’¾,Teen / 12,"tycoon, simulator, casual, just for fun, "
177,Tycoon,Brawl Stars [ğŸ¹New UpdateğŸŒµ],ğŸ—¡ï¸ Fight with your brawler.ğŸ‘¥ Takedown your enemies.ğŸŸâ€‹ Earn credits and buy brawlers with them..ğŸ† Play the game and earn trophies to show offâœ¨THANKS FOR PLAYINGâœ¨,Teen / 12,"team deathmatch, strategy, casual, "
178,Team Deathmatch,ğŸ¨ Hotel Tycoon,ğŸ¨ Build The Craziest Hotel!ğŸ’» Sell Hotel Rooms on the PCğŸ“ˆ Buy Upgrades in the StoresğŸš— Unlock Luxury Carsâ­ Discover New Hotel FloorsğŸµ Fight the Monkey BossğŸ¤¯ Can you Reach the Top?,Teen / 7,"casual, just for fun, simulator, tycoon, "
179,Team Deathmatch,Wallmart Sniper vs Props,Sniper:ğŸ¯Eliminate the propsğŸ¯ğŸ›¡ï¸Protect the sniper with a crownğŸ›¡ï¸Props:â›ºReach the sniper hideoutâ›ºğŸ¯Eliminate the original sniperğŸ¯ğŸ”´Stop moving on red lightğŸ”´ğŸŸ¢Move during green lightğŸŸ¢,Teen / 7,"sniper, minigame, party game, prop hunt, "
180,Team Deathmatch,SPEED REALISTICS 1v1 [RAPID],THE BEST SOLO FIGHTING PRACTICEâœ”0 WAIT TIMEâœ”WEAPON VOTINGâœ”REALISTIC FIGHTSâœ”UPDATED LOOTPOOLâœ”LEADERBOARD UPDATESFIND OPPONENTS THROUGH MATCHMAKING,Teen / 12,"1v1, practice, boxfight, training, "
181,Team Deathmatch,YouTuber Tycoon ğŸ¬,ğŸ‘‘ Become the Most Famous YoutuberğŸ”´ Record videos to grow your ChannelğŸ¬ Giant Studio & Streamer SetupsğŸ’» Upgrades computer to edit videos fasterğŸ¥ Hire Expert Editors & Pro PlayersğŸš€ Boost Wi-Fi for Speedy Uploads,Teen / 7,"tycoon, casual, simulator, just for fun, "
184,Team Deathmatch,ğŸ˜‚ HILARIOUS BOXFIGHTS ğŸ“¦,ğŸ“¦ Funny Box Fight with HILARIOUS Super Powers!ğŸ’€ 30 Unique Meme Super Powers!ğŸ¤µ Sigma - Blind Opponents With Your Aura!ğŸ€Thomas - Spawn Thomas the Train!ğŸ§ŒShrek - Spawn in a Hut When Low!ğŸ‘¨Chad - Become a Chad!and 26 more ...,Teen / 7,"boxfight, pvp, practice, heroes, "
185,Team Deathmatch,MONSTERS ESCAPE ROOM,ğŸšª MONSTERSÂ ESCAPEÂ ROOM ğŸšªğŸ§© Easy & Medium & HardğŸ‘¥ 1 - 12 PlayersğŸˆ Lots of funğŸ§  Made in UEFN ğŸ§ ,Teen / 12,"escape, minigame, party game, just for fun, "
186,Team Deathmatch,INSIDE OUT OBBY PARKOUR,ğŸŒˆ Inside Out Obby Parkour AdventureğŸŒ€ Over 100 Emotion-Filled StagesğŸ’¥ Jump! Swing! Slide!ğŸ” Uncover Hidden Secretsâ³ Test Your AgilityğŸ˜± Can You Conquer All Emotional Challenges?,Teen / 12,"minigame, parkour, just for fun, deathrun, "
187,1v1,Dirt Bike Riders 2.0,"Welcome to Dirt Bike Riders 2.0Try out the freestyle compound, race around the dirt bike tracks and take on the clock with individual lap timers. Or hit the huge freeride jumps that surround the map! There is a ton to do so go shred some dirt!",Everyone 10+ / 7,"race, sports, exploration, just for fun, "
188,1v1,HEROES TYCOON ğŸ¦¸,ğŸ¦¸ Become the Strongest Superhero Of All TimeğŸ’¥ Buy All 7 Superpowersâš¡ Unlock the Power of THORğŸ’ª Activate the God ModeğŸ  Build your Super MansionğŸš— Buy SupercarsğŸ˜ˆ Kill The Villain,Teen / 7,"tycoon, just for fun, creatures, simulator, "
189,1v1,ZOMBIE FARM 2.33ğŸ§Ÿ,â­ 2.32 UPDATE â­- Added Many New Weapons- Much Great Things Added- Increased Overall AmazingnessğŸ§ŸZombie SurvivalğŸ§ŸğŸšœğŸŒ¾Explore the FarmğŸ ğŸŒ½1-5 Players,Teen / 12,"creatures, survival, pve, survival horror, "
191,1v1,ULTIMATE RAMP JUMP ğŸš€,ğŸ›©ï¸Fly over the mapğŸš—All vehicles enabledâš¡Unlock speed levelsğŸš©Can you reach the end?,Teen / 12,"race, just for fun, runner, deathrun, "
192,1v1,DUO ESCAPE ROOM,ğŸ—ï¸ 20+ Fun Levels of escape rooms with your Duo!ğŸ§© Easy & MediumğŸ‘¥ Coop with your Duo!ğŸˆ Lots of funğŸ“‚Location saved so you can return and continue your game!ğŸ§  Made in UEFN ğŸ§ ,Teen / 12,"duo, escape, party game, co-op, "
193,1v1,DETECTIVE TYCOON ğŸ”,ğŸ’¾ FULL Savings Enabled!â­ Custom Leveling System!ğŸ§¢ Unlock Different Custom Hats & Back Blings!â“Can You Find All The Hidden Numbers To The Pincode?ğŸ”Rank Up As A Detective!ğŸšUnlock The Helicopter!ğŸ” Rebirth To Unlock New Rewards!,Teen / 7,"tycoon, simulator, casual, just for fun, "
194,1v1,SNIPER ONE SHOT [FFA]ğŸ¯,ğŸ¯ Scope Mid-AirğŸŒ‘ Low GravityğŸ’¥ Instant RespawnğŸ‘¥ 16 PlayersğŸ’¾ Ranks SaveğŸŒ Global Ranked LeaderboardğŸ† RANK UP (BRONZE -> UNREAL),Teen / 12,"sniper, one shot, party game, free for all, "
195,1v1,ğŸš“ DRIVE NATION RP,"ğŸš“ NEW POLICE CARS WITH LIGHTS AND SIREN!ğŸï¸ ALL VEHICLES!ğŸ”‹ INFINITE BOOST!ğŸ PVP RACES!ğŸŒ HUGE OPEN WORLD!ğŸ˜ CHILL CRUISING AND ROLEPLAY!ğŸ’¯ SPEED TRAPS, BONUS BOARDS & SECRETS!ğŸ§  MADE IN UEFN/CREATIVE 2.0",Everyone / 3,"just for fun, open world, casual, race, "
196,1v1,ğŸ¿CINEMA TYCOONğŸ¿,ğŸ¿Build Your Dream Cinema!ğŸ¬ Watch Movies with Friendsâ“Find All the SecretsğŸš—Drive Dream CarsğŸ¾Unlock Cool PetsğŸ’¾ Rebirth and Re-Play FOREVER!,Teen / 7,"casual, just for fun, tycoon, simulator, "
197,Open World,Realistic FPS Gun Game âˆ,ğŸ“· Hyper Realistic Bodycam First PersonğŸ” Fast Custom RoundsğŸ‘‘ First to 20 WinsğŸ”« 8 Player FFA Gun GameğŸµ In Collaboration with Odetari (V1.1 Balance Adjustments),Teen / 12,"pvp, gun game, free for all, "
200,Open World,111 ESCAPE ROOM,ğŸ—ï¸ 111 Levels Escape RoomğŸ” 11 Easter EggsğŸ§© Easy & MediumğŸ‘¥ 1 - 10 PlayersğŸˆ Lots of funğŸ“‚Location saved so you can return and continue your game!ğŸ§  Made in UEFN ğŸ§ ,Teen / 7,"escape, minigame, party game, just for fun, "
201,Open World,ESCAPE ROOM 100 LEVELS,ğŸ§© 100 Levels To Complete ğŸ§©ğŸ§© Play With Friends ğŸ§©ğŸ§© Super Fun ğŸ§©ğŸ† Finish First ğŸ†,Everyone 10+ / 7,"escape, party game, just for fun, minigame, "
202,Open World,Poppy Playtime: Chapter 3,ğŸ˜¨ HORROR ğŸ˜¨â­ UEFN â­ğŸ® 1-4 PLAYERS ğŸ®ğŸ¤¯ ESCAPE ğŸ¤¯â˜ ï¸ JUMPSCARES â˜ ï¸,Teen / 12,"horror, survival horror, escape, mystery, "
203,Open World,Default Parkour 375+,ğŸ¤¯ 375+ EASY LevelsğŸƒâ€â™‚ï¸ Run! Slide! Climb!ğŸ•µï¸ Discover SecretsğŸ•’ Challenge Your SpeedğŸ˜² Will You Reach the FINAL Challenge?Explore 375+ EASY Levels!Can You Uncover Every Secret?Created by Omega Creations,Teen / 12,"parkour, deathrun, just for fun, escape, "
204,Open World,The Floor Is LAVAğŸ”¥,"Survive the rushing lava on 16 different maps! ğŸ”¥Climb as high as possible to save yourself from the lava before time runs out! ğŸ™ŒUnlock cool power-ups, Pets, cosmetics and gear by winning and collecting coins! ğŸ†Obby & many other skill challengesğŸƒâ€â™€ï¸",Teen / 12,"parkour, deathrun, escape, minigame, "
206,Open World,STRANGER [HORROR],"A cold chill goes down my spine...You are delivering packages late at night, but you feel someone's presence following you.ğŸ“Made in UEFNğŸ“1 - 2 PlayersğŸ“Guide on Youtube (ItsBlind)",Teen / 12,"horror, escape, mystery, survival horror, "
207,PvP,ğŸŒ„ The Mountain Road ğŸŒ„,ğŸ§  UEFNğŸ”« All WeaponsğŸ“ Endless RoadğŸŒ Huge Open WorldğŸš¨ Unlimited Fuel & BoostğŸŒ€ Unlimited Player Energy & x2 Player SprintğŸš— Multiple Set Of Vehicles,Teen / 12,"race, open world, just for fun, free for all, "
208,PvP,MESSI VS RONALDO ğŸ”¥,ğŸ†Team VS TeamğŸ”«Every WeaponPOWERUPSğŸ”¥âœ¨All MythicsğŸ†•New Season GunsğŸš—Vehicles Added,Teen / 12,"action, team deathmatch, battle, just for fun, "
209,PvP,2 IN 1 ESCAPE ROOM,ğŸ—ï¸ Escape Room de 100 nivelesğŸ§© FÃ¡cil y DifÃ­cilğŸ‘¥ 1 - 16 jugadoresğŸˆ Mucha diversiÃ³n,Teen / 12,"escape, minigame, party game, funny, "
210,PvP,99 BOTS OG RELOAD BOT ROYALE ğŸ†,99 BotsğŸ¤–All WeaponsğŸ”«Tilted TowersğŸ Play With FriendsğŸ˜‚Mega Reward In 20 MinutesğŸ”‘Like & Favorite To Support MeğŸ’–Made In UEFN 2.0ğŸ§ ,Teen / 12,"boss battle, creatures, open world, role playing, "
211,PvP,FNAF SCARY SURVIVALğŸ»ğŸ•,ğŸ§¸Be FREDDY FAZBEAR!ğŸ˜±JUMPSCARESğŸ»10 ANIMATRONICSğŸ°ğŸ®SCARE YOUR FRIENDS!ğŸ‘¥2-6 PLAYERSğŸ†•COINS UPDATE!- Added Level Up CoinsğŸ“€- GOLD is now SAVEDğŸ“€- Fixed Puppet bugMade in UEFNğŸ”¦,Teen / 12,"survival, horror, escape, infection, "
212,PvP,HORROR BACKROOMS SURVIVAL,"Try to survive 100 days against backrooms monsters, earn gold, buy weapons and power-up, and face a final boss.",Teen / 12,"horror, creatures, party game, survival, "
213,PvP,BRAWL SHOWDOWNğŸŒµ,ğŸ†8 Players Zone WarsğŸ†ğŸš€Superpowers based on BrawlersğŸš€ğŸ’¯New updates every weekğŸ’¯ğŸ”¥EnjoyğŸ”¥,Teen / 12,"minigame, battle, survival, free for all, "
214,PvP,Default Obby Parkour 500+,"ğŸ¤© 511 Level ParkourğŸƒ Speedrun With FriendsğŸ§  Made With Verse/UEFNâœ¨ Constantly UpdatedDisclaimer: This is not sponsored, endorsed, or administered by The Walt Disney Company",Teen / 7,"parkour, deathrun, just for fun, difficulty: easy, "
215,PvP,MUSHROOM TYCOON ğŸ„,"X1.5 EVENT is here!ğŸ‘‘Build the best Mushroom Base ğŸ„ğŸ“¦Collect treasure chests on the mapğŸ”¥Beat 2 parkour challenges!ğŸ¾Different pets, Boosts and TrailsğŸ’œFind all the secret",Teen / 12,"just for fun, tycoon, simulator, casual, "
216,PvP,ğŸš€+1 Jump Every Second!ğŸš€,ğŸš€Every Second You Get +1 JumpğŸ’°Earn Diamonds To Jump Higher!ğŸ¶ ğŸ±Get Pets!ğŸŒVery Large Walls to Climb!,Everyone / 3,"just for fun, simulator, tycoon, funny, "
218,Just For Fun,EMOTES RED VS BLUE ğŸ”´ğŸ”µ,ğŸ•º Custom UEFN EmotesğŸ”« All WeaponsğŸ”¥ RankedğŸ†• CHAPTER 5 WEAPONSğŸ’¾ AUTO SAVE ProgressMade In UEFN. ğŸ§©,Teen / 12,"team deathmatch, practice, pvp, competitive, "
219,Just For Fun,Impossible Escape ğŸš¨,ğŸš¨ 99% Impossible EscapeğŸ—ï¸ 30 LevelsğŸ” 5 Easter EggsğŸ§© Easy & Medium & HardğŸ‘¥ 1 - 12 PlayersğŸˆ Lots of funğŸ§  Made in UEFN ğŸ§ ,Everyone 10+ / 7,"escape, party game, minigame, just for fun, "
220,Just For Fun,ğŸ’–DEFAULT PARKOUR 250+ğŸ’–,â­250+Levelsâ­Easy Defaultâ­Play With Friendâ­Made In UEFN,Teen / 7,"deathrun, parkour, difficulty: easy, just for fun, "
221,Just For Fun,MEGA MALL PROP HUNTğŸ›ï¸,âš±ï¸Prop VS SeekerğŸ•µğŸ» ğŸ‘ª2-30 playersğŸ‘ª ğŸ™ï¸Inside MEGA MALLğŸ™ï¸ ğŸ”Find and Eliminate the Props Before Time Runs OutğŸ”,Teen / 12,"prop hunt, minigame, party game, just for fun, "
222,Just For Fun,Body Cam,First Person Body CamGet on the leaderboard!Score SavesGold SavesPurchase weaponsSupply DropsElimination Streaks,Teen / 12,"free for all, pvp, "
223,Just For Fun,SNIPER VS BIKERS,Up to 15 Bikers / 1 Sniper ğŸ†Reach the End as the Bikers! ğŸï¸Eliminate All Bikers as the Sniper! ğŸ¯Enjoy with your friends and have fun! ğŸ®,Teen / 12,"minigame, sniper, party game, just for fun, "
224,Just For Fun,FNAF NIGHTMARE SURVIVALğŸ»ğŸŒ™,ğŸ§¸ Be NIGHTMARE FOXY & MORE!ğŸ˜± JUMPSCARESğŸ» 9 ANIMATRONICS ğŸ°ğŸ® SCARE YOUR FRIENDS!ğŸ‘¥ 2-8 PLAYERSğŸ†• NIGHTMARE FOXY UPDATE ğŸ¦Š- FNAF 4 HOUSE ğŸ - Weekly Updates are BACK!ğŸ”¦ Made in UEFNğŸ“ Bugs? @CreativeGoblinn,Teen / 12,"survival, horror, escape, survival horror, "
225,Just For Fun,ğŸ¦¸ HEROES ZOMBIELAND ğŸ§Ÿâ€â™‚ï¸,ğŸ§Ÿâ€â™‚ï¸ Endless hordes of Zombies! ğŸ§Ÿâ€â™‚ï¸ğŸ¦¸ Level up and gain powers! ğŸ¦¸ğŸš—Run over Zombies in Cars or Tanks!ğŸš—Lots of upgrades!Custom UI,Teen / 7,"creatures, horror, survival, pve, "
226,Just For Fun,[HORROR] SCARY ELEVATOR,ğŸ˜¨ Can you SURVIVE the SCARY ELEVATOR?ğŸ’¥ 11+ CRAZY LEVELSğŸ’¸ PURCHASE ABILITIESğŸ˜ˆ JUMPSCARESğŸ§© ESCAPEğŸ® 1-12 PlayersğŸ†• NEW LEVELS ADDED EVERY WEEK!,Teen / 12,"horror, escape, party game, just for fun, "
227,Boxfight,ğŸ’¯ RĞ•D VS Ğ’LUE ğŸ¥¶ RUMBLE,ğŸ†• New All Ch5 Weapons AddedğŸ”µ ENDLESS TEAM DEATHMATCH COMBATğŸ”´ POWERUPS AND SECRETS ğŸ‘€ğŸ† Rank up from BRONZE to UNREALğŸ“€ 50 Gold Coins per EliminationğŸ”’ OP VaultğŸš½ 1st Person ModeğŸ’¾ Eliminations and Ranks Save,Teen / 12,"team deathmatch, battle, action, exploration, "
229,Boxfight,MEME BACKROOMS,ğŸ¤£ CAN YOU SURVIVE FROM THE MEMES?ğŸ² 6 DIFFERENT MEME BOSS BATTLES!ğŸ¤“ 30+ MEMES AND SOUNDSğŸ”« CUSTOM WEAPONSğŸ›’ UNIQUE COSMETIC SHOPğŸ¤« DISCOVER ALL THE SECRETSğŸ˜± HORROR,Teen / 12,"horror, survival, creatures, pve, "
230,Boxfight,CAM,8 Player Realistic Bodycam FFARanksElimination StreaksFirst to 25 Eliminations,Teen / 12,"free for all, pvp, "
231,Boxfight,MISSION IMPOSSIBLE DEATHRUN ğŸ’,"ğŸš¨ 20+ DIFFICULT LevelsğŸš˜ Stunt DRIVINGğŸ”¥ Go STEALTHILY, FIGHT Guards, Dodge LASERSğŸƒâ€â™‚ï¸ Sprint! Slide! Climb!ğŸ† LeaderboardğŸ§  Made In UEFN/Verseâœ¨ Updated âœ¨",Teen / 12,"just for fun, deathrun, parkour, difficulty: easy, "
232,Boxfight,COLOR HIDE AND SEEK,ğŸŒˆ 8 COLOR MAPS WITH DIFFERENT THEMESâ²ï¸ Quick gamesğŸ‘— Changing booth to help hide!ğŸ¥‡ RANKING SYSTEMWe used this map in a few videos and we've made it better since,Teen / 12,"just for fun, minigame, party game, role playing, "
233,Boxfight,TOY BOX FFA - ALL WEAPONS 1v1,"Free-4-All with ALL Weapons & Items EVER in Fortnite. Fight, or 1v1 on Private Build Bases or Create your own Races. The possibilities are endless in T0Y B0X FFA!1v1 ALL NEW CHAPTER 5 ITEMS in a Open Sandbox Pit.",Teen / 12,"1v1, practice, pvp, "
234,Boxfight,ğŸ¥µRED VS BLUEğŸ¥¶ TEAM DEATHMATCH,ğŸ¥µNO BUILD TEAM DEATHMATCHğŸ¥¶ğŸ‘‘CUSTOM RANK SYSTEMğŸ‘‘ğŸ¦¸SUPERPOWERSğŸ¦¸ğŸ˜ˆYOUR ELIMINATIONS ARE SAVEDğŸ˜ˆğŸ”«NEW WEAPONS ADDEDğŸ”«ğŸ˜€FUN TO PLAYğŸ˜€,Teen / 12,"team deathmatch, pvp, action, practice, "
236,Boxfight,â­ï¸MEDALLION PIT,"ğŸ–5 Different MedallionsğŸš€NEW WEAPONSğŸš€ğŸ›Rank system auto savedâ›½ï¸Power ups, Exotics, MythicsğŸ§ Made in UEFNğŸ—¨Stats board",Teen / 12,"sniper, free for all, just for fun, pvp, "
239,Free For All,ğŸš“ DIAMOND CITY ğŸ™ï¸ FFA ğŸš¨,"ğŸ™ï¸VERY DETAILED CITYğŸ™ï¸ğŸ¢APARTMENTS AND VILLAğŸ ğŸ”«ALL WEAPONSğŸ’£ğŸšHELICOPTERS, LUXURY CARS, MOTO, TANKS, ETC...ğŸš—ğŸBIG SECRETğŸğŸ§ MADE IN UEFN/CREATIVE 2.0ğŸ§ ğŸ’¥Have FUN !ğŸ’¥",Teen / 12,"open world, just for fun, free for all, role playing, "
240,Free For All,ğŸš€+1 JUMP EVERY SECOND! (Brick Edition),ğŸš€Every Second You Get +1 JumpğŸ’°Earn Diamonds To Jump Higher!ğŸ¶ ğŸ±Get Pets!ğŸŒVery Large Walls to Climb!,Everyone / 3,"just for fun, simulator, tycoon, funny, "
241,Free For All,The Color Switch,Survive as long as possible in this crazy game !ğŸŒˆ CLASSIC MODE ğŸŒˆâ˜„ï¸ APOCALYPSE MODE â˜„ï¸â° SPEED-UP MODE â°ğŸª SHOP ğŸªâš”ï¸ RANDOM ITEMS âš”ï¸,Teen / 12,"free for all, minigame, pvp, just for fun, "
242,Free For All,ESCAPE FROM SCHOOL ğŸ«,ğŸ« Escape from Shool ğŸ«ğŸ—ï¸ 30 Levels Escape RoomğŸ§© Easy & MediumğŸ‘¥ 1 - 12 PlayersğŸˆ Lots of funğŸ§  Made in UEFN ğŸ§ ,Everyone 10+ / 3,"escape, minigame, party game, just for fun, "
243,Free For All,99 BOTS SEASON 3 BOT ROYALE ğŸ†,99 BotsğŸ¤–All WeaponsğŸ”«Tilted TowersğŸ Play With FriendsğŸ˜‚Mega Reward In 20 MinutesğŸ”‘Like & Favorite To Support MeğŸ’–Made In UEFN 2.0ğŸ§ ,Teen / 12,"boss battle, creatures, open world, role playing, "
245,Free For All,Sooubway Prop Hunt ğŸ¥ª,"ğŸ¦ Props vs HuntersğŸ” Find secret vents, rooms and buttonsğŸ”ˆ Custom Meme Soundsâ­Quests with RewardsğŸ¦ Inside Famous SooubwayğŸ”ğŸ‘¥ 2-12 Playersâœ”ï¸ Creative 2.0 / UEFNğŸ†• Constantly Updatedâ—Credits to lbigdawg for map inspiration",Teen / 12,"prop hunt, party game, just for fun, minigame, "
246,Free For All,ğŸ‘‘ SIGMA BOXFIGHTS ğŸ“¦,ğŸ® Play as Your Favorite Sigma18 Unique Sigma Powers:ğŸ‘‘ KING BALDWIN - Freeze All Players with Handâ›“ï¸JOE GOLDBERG - Cage the Nearest PlayerğŸ¦¸GOGGINS - Phase Through Wallsâ°ELON MUSK - Travel Back in Timeand so much more!,Teen / 7,"boxfight, pvp, practice, heroes, "
247,Free For All,ğŸ§Ÿâ€â™€ï¸ ZOMBIELAND 2 ğŸ§Ÿâ€â™‚ï¸,â—BIG UPDATE v5.2 - THE SUMMER APOCALYPSE ğŸ“¢ğŸ”« NEW WEAPONS ğŸ”«ğŸ’¥ 3 NEW LOCATIONS ğŸ’¥ğŸª NEW SECRETS ON THE MAP ğŸªğŸ§Ÿ LISTEN MUSIC AND DESTROY ZOMBIES ğŸ§ŸAND ALOT MORE+ ğŸ˜ğŸ§Ÿâ€â™€ BATTLE ZOMBIESâ­ BECOME RICHğŸ•¸ Made in UEFN - Creative 2.0,Teen / 12,"creatures, survival horror, just for fun, pve, "
249,Tycoon,â­CUSTOM WEAPONSğŸ”« GUN GAME,âš”ï¸9 CUSTOM WEAPONSâš”ï¸ğŸ™ï¸TILTED GUN GAMEğŸ™ï¸ğŸ¯ONESHOTğŸ¯ğŸ†RANK UP TO UNREALğŸ†â­COMPLETE QUESTSâ­ğŸ˜SUPER FUNğŸ˜â™»ï¸UPDATED!â™»ï¸ğŸ‰BECOME THE BEST AMONG 16 PLAYERSğŸ‰,Teen / 12,"pvp, free for all, just for fun, gun game, "
250,Tycoon,TRADER TYCOON ğŸ“ˆ,ğŸ’¾ Progress Fully Save !ğŸ‘‘ Become the KingğŸ§± Create Your Own Wall StreetğŸš— Drive SupercarsğŸ”„ REBIRTH !ğŸš Hire TradersğŸ“ˆ Earn Reward With Playtime !â• Increase your Money Bonus- MADE IN UEFN/CREATIVE 2.0,Teen / 12,"tycoon, just for fun, simulator, casual, "
251,Tycoon,ğŸš—Unrealistic Driving Island,ğŸ—ºï¸ 4x4 km Open world mapğŸ”« CH5 S3 weapons and vehicles FFAğŸ” Collect items scattered around the islandğŸï¸ Finding hidden Octane scattered around.â›½ Unlimited fuel and boost.ğŸš— Enjoy driving with friends.,Teen / 12,"open world, race, driver simulator, free for all, "
258,Tycoon,ğŸ¨ Fortionary â“ (Pictionary),âœ… Pick Your WordğŸ¨ Start Drawingâ“ Make Your GuessğŸ¤ Mic Not RequiredğŸ†• 350+ Words,Everyone / 3,"minigame, party game, just for fun, casual, "
260,Zonewars,ğŸ”«THE SHARK GUN GAMEğŸ¯ONE SHOTğŸ¯,"ğŸ‘¥ 16 PLAYERSğŸ”« USE THE NEW ITEMSğŸ¯ PRACTICE YOUR AIMğŸ‘ Get a New Weapon at Every Elimination You Get, the More Eliminations the Harder it Gets!ğŸ‘‘ Be The First to Finish All Weapons!ğŸ§  Made in UEFNğŸ†• NEW UPDATES",Teen / 12,"gun game, one shot, free for all, pvp, "
261,Zonewars,ğŸ¯ONE SHOT GUN GAME âš”ï¸ AIM,âš”ï¸PVP/PVEâš”ï¸â­QUESTSâ­â“SECRETSâ“ğŸ”«INFINITE WEAPONSğŸ”ENDLESS ROUNDSâ°INFINITE TIMEğŸ¥³ENDLESS FUNğŸ¯TRAIN YOUR AIMğŸ•¶ï¸FIGHT THE BOTSğŸ‰BECOME THE BEST AMONG 12 PLAYERSğŸ‰,Teen / 12,"gun game, one shot, pvp, training, "
262,Zonewars,A Dusty Trip ğŸš—,A Dusty Trip in Fortnite!FIRST PERSON MODE!Build Your Own Car ğŸš˜Start Your Dusty Trip ğŸ›£ï¸New Plains Biome!Make it to the END! ğŸ,Teen / 12,"just for fun, driver simulator, co-op, adventure, "
263,Zonewars,TEDDY,"â­ NOW UEFN!ğŸ˜± 6 Survivors, 1 Hunter - TEDDY ğŸ»ğŸ” Find the Keys, Unlock DoorsğŸ•’ Escape from Teddy before time runs out",Teen / 12,"escape, just for fun, party game, role playing, "
264,Zonewars,THE GRAVEYARD [HORROR],ğŸ˜¨ HORROR ğŸ˜¨â­ UEFN â­ğŸ® 1-5 PLAYERS ğŸ®ğŸ§© ESCAPE ğŸ§©â˜ ï¸ JUMPSCARES â˜ ï¸,Teen / 12,"horror, survival horror, deathrun, escape, "
265,Zonewars,PANDVIL Box Fight (2v2) ğŸ“¦,"ğŸ”¸ğŸŸ¢Made By PANDVILğŸ”¸(2 vs 2) Box Fight MatchmakingğŸ”¸Near 0 wait between roundsğŸ”¸Ranks, Cosmetics and much moreğŸ”¸When eliminated spectate OR parkourğŸ”¸LIFETIME WIN & ELIMINATION leaderboards",Teen / 12,"boxfight, practice, duo, 2v2,"
267,Zonewars,PANDVIL Box Fight (3v3) ğŸ“¦,"ğŸ”¸ğŸŸ¢Made By PANDVILğŸ”¸(4 vs 4) Box Fight MatchmakingğŸ”¸Near 0 wait between roundsğŸ”¸Ranks, Cosmetics and much moreğŸ”¸When eliminated spectate OR parkourğŸ”¸LIFETIME WIN & ELIMINATION leaderboards",Teen / 12,"boxfight, practice, trios, 3v3, "
268,Zonewars,PAL TYCOON ğŸ’,- Mining & Harvesting ğŸ’- Claim Pets ğŸ¶- Earn Keys ğŸ”‘- Keys Increase Production ğŸ“ˆ- Keys are saved âœ…- Boss Battle ğŸ’¥Replayable Tycoon! ğŸ”,Teen / 12,"tycoon, simulator, boss battle, casual, "
269,Zonewars,ğŸ GO GOATED! CombatğŸ’¥,ğŸ 4 Team Combat ğŸğŸ’¥ PvP Respawn ğŸ’¥ğŸ”„ Respawn Enabled ğŸ”„ğŸ’€ Unlock the Vault ğŸ’€ğŸ‘¥Select Your TeamğŸ‘¥ğŸ’¾ Stats Save ğŸ’¾,Teen / 12,"team deathmatch, respawn, "
270,Simulator,Gacha PvP Battle -ã‚¬ãƒãƒ£ä¹±é—˜å ´-,Draw Gachas and Get Weapons /ã‚¬ãƒãƒ£ã‚’å¼•ã„ã¦æ­¦å™¨ã‚’ã‚²ãƒƒãƒˆ!Get coins by Eliminating Player /æ•µã‚’å€’ã—ã¦ã‚³ã‚¤ãƒ³ã‚’ã‚²ãƒƒãƒˆ!,Teen / 12,"battle, battle royale, pvp, "
271,Simulator,1v1 With Every Gun ğŸ”«,âŒ No Locked or Paid Mythicsâœ”ï¸ All Weapons Available Without WaitingğŸ‘¤ 24 Player Free-For-AllğŸš Fun VehiclesğŸ’¾ Loadout & Eliminations SaveğŸ†• Updated Weekly,Teen / 12,"free for all, practice, pvp, respawn, "
274,Simulator,COLLAB REDvsBLUE ğŸ”´ğŸ”µ,â­26 Collab Items and Super PowersğŸ†Earn Points to Rank Up to Unrealâœ…Custom ScoreboardğŸ’¾ Eliminations and Ranks SaveğŸ“€ 10 Gold Coins per EliminationğŸ Reset builds & Vehicles every 15 minğŸ”©Made in UEFNğŸ”¥SHOW YOUR SKILLS,Teen / 12,"team deathmatch, sandbox, battle, practice, "
275,Simulator,NATY PLAGE 1V1 MUSICğŸµ,ğŸµ Jouer de la musiqueğŸ´ SkyboxğŸ–¥ï¸ Mode First PersonğŸ”« Nouvelles armesğŸƒâ€â™€ï¸ Mode slowmotionğŸ’– 175 ou 200 HP,Teen / 12,"1v1, practice, just for fun, duo, "
276,Simulator,SUPERSTORE TYCOONğŸ›’,ğŸŒˆWELCOME TO SUPERSTORE TYCOONğŸ›’ğŸ˜± Open Your OWN SuperstoreğŸ“¦ Make DeliveriesğŸ›ï¸ Stock ShelvesğŸ’ª Be a CashierğŸ§Ÿ Defend Your BaseğŸ‘š Custom Clothing Shopâ­ Become a VIPğŸ§  Made with UEFN/Verse,Teen / 12,"casual, just for fun, simulator, tycoon, "
279,Simulator,ğŸ’¯ RED VS BLUE ğŸ¥¶ RUMBLE - Zero Build,ğŸ†• New All Ch5 Weapons AddedğŸ”µ ENDLESS TEAM DEATHMATCH COMBATğŸ”´ POWERUPS AND SECRETS ğŸ‘€ğŸ† Rank up from BRONZE to UNREALğŸ“€ 50 Gold Coins per EliminationğŸ”’ OP VaultğŸ’¾ Eliminations and Ranks Save,Teen / 12,"team deathmatch, action, gun game, capture the flag, "
280,Team Deathmatch,YOUTUBER RED VS BLUE,ğŸ’¥ RED VS BLUEğŸ”« ALL MYTHIC WEAPONSğŸš€ UNLIMITED VEHICLESğŸ’ SPECIAL RANKSğŸ¤« HIDDEN SECRETSğŸ“€ 10 COINS PER ELIMğŸ†• UPDATES WEEKLY5ï¸âƒ£ CHAPTER 5 ITEMSâœ… HELP YOUR TEAM WIN!,Teen / 12,"team deathmatch, practice, action, pvp, "
281,Team Deathmatch,AMAZING RED VS BLUE ğŸ”´ğŸ”µ,ğŸ†•ğŸ”´24 Player Build Team DeathmatchğŸ”µğŸ†•ğŸ’¾Eliminations SavedğŸ’¾âœ…Killstreaksâœ…ğŸ¯Custom CrosshairsğŸ¯ğŸ”«New Weapons AddedğŸ”«ğŸ’Power UpsğŸ’ğŸ˜ƒHave FunğŸ˜ƒ,Teen / 12,"team deathmatch, pvp, "
282,Team Deathmatch,Save The World,"Battle to hold back the monster hordes and explore a vast, destructible world. Build huge forts, craft weapons, find loot and level up.",Teen / 12,"pve, "
